items1,items2,items3
3257,3258,3259
11,12,1227
171,172,65
1118,28,29
198,28,29
1084,1106,502
138,59,772
138,637,772
138,76,772
3130,760,982
136,258,66
136,286,66
138,1412,59
138,1412,76
138,2968,77
138,2968,59
138,2968,81
138,2968,76
3128,3233,3234
138,3128,3234
138,3128,3233
138,587,59
138,587,81
138,587,76
27,28,29
138,3126,3128
138,349,76
138,354,59
138,354,76
2310,527,616
2310,616,621
2310,527,621
260,3129,66
259,3129,66
287,3129,66
287,288,3129
286,287,3129
258,3129,66
258,288,3129
258,286,3129
286,3129,66
286,288,3129
288,3129,66
138,59,60
59,60,76
59,60,81
138,60,637
138,60,81
60,76,81
138,60,76
138,59,77
59,76,77
59,77,81
138,77,81
76,77,81
138,76,77
259,260,66
259,260,288
259,260,286
258,259,260
259,260,287
260,287,66
260,287,288
260,286,287
258,260,287
258,260,66
258,260,288
258,260,286
260,286,66
260,286,288
260,288,66
138,260,66
62,826,982
62,826,981
62,760,826
288,62,982
62,760,982
62,760,981
62,981,982
62,66,982
259,287,66
259,287,288
259,286,287
258,259,287
258,259,66
258,259,288
258,259,286
259,286,66
259,286,288
259,288,66
258,287,66
258,287,288
258,286,287
286,287,66
286,287,288
287,288,66
69,71,72
138,3128,59
138,59,637
59,637,946
59,637,76
59,637,81
113,138,59
138,59,81
59,81,946
59,76,81
138,59,76
59,76,946
138,59,66
138,59,946
258,286,66
258,286,288
258,288,66
138,3128,637
138,3128,81
138,3128,76
138,637,81
637,81,946
637,76,81
138,637,76
637,76,946
138,637,946
288,826,982
760,826,982
760,826,981
826,981,982
66,826,982
113,138,946
286,288,66
286,760,982
138,286,66
138,76,81
76,81,946
138,81,946
138,40,946
288,760,982
138,288,66
616,621,946
527,616,621
760,981,982
66,760,982
66,981,982
138,66,76
138,76,946
138,788,946
138,621,946
